RAJ2000,DEJ2000,_2MASS,Jmag,e_Jmag,Hmag,e_Hmag,Kmag,e_Kmag,Qflg,Rflg,Bflg,Cflg,Xflg,Aflg
172.621203,48.639442,11302908+4838219,15.855,0.075,15.169,0.081,14.993,0.115,AAB,222,111,000,0,0
172.568611,48.639744,11301646+4838230,16.701,0.152,16.241,0.201,15.503,0.174,BDC,222,111,000,0,0
172.540846,48.64679,11300980+4838484,16.591,0.143,15.994,0.165,15.623,,BCU,220,110,000,0,0
172.663156,48.68317,11303915+4840594,16.462,0.131,15.823,0.142,15.103,0.124,BBB,222,111,000,0,0
172.660905,48.675045,11303861+4840301,16.894,0.181,16.101,0.183,15.57,0.184,CCC,222,111,000,0,0
172.650382,48.666172,11303609+4839582,16.977,0.21,16.451,0.266,15.988,0.262,CDD,222,111,000,0,0
172.65772,48.694252,11303785+4841393,15.551,0.062,14.882,0.066,14.802,0.102,AAA,222,111,000,0,0
172.447358,48.658798,11294736+4839316,15.62,0.061,14.927,0.071,14.822,0.097,AAA,222,111,000,0,0
172.457605,48.693726,11294982+4841374,15.89,0.078,15.191,0.09,14.922,0.106,AAA,222,111,000,0,0
172.390544,48.678867,11293373+4840439,15.829,0.079,15.1,0.076,15.065,0.122,AAB,222,111,000,0,0
172.404762,48.686142,11293714+4841101,15.896,0.077,15.38,0.101,15.307,0.141,AAB,222,111,000,0,0
172.402935,48.673069,11293670+4840230,14.671,0.034,14.319,0.048,14.284,0.061,AAA,222,111,000,0,0
172.491792,48.671082,11295803+4840158,16.465,0.135,15.837,0.144,15.18,0.139,BBB,222,111,000,0,0
172.532079,48.694504,11300769+4841402,14.239,0.028,13.558,0.03,13.4,0.034,AAA,222,111,000,0,0
172.55192,48.715538,11301246+4842559,16.281,0.11,15.667,0.131,15.555,0.186,BBC,222,111,000,0,0
172.586675,48.684547,11302080+4841043,15.662,0.066,15.156,0.081,14.911,0.107,AAA,222,111,000,0,0
172.586033,48.69923,11302064+4841572,14.932,0.037,14.594,0.052,14.394,0.07,AAA,222,111,000,0,0
172.59447,48.690491,11302267+4841257,14.146,0.028,13.531,0.025,13.297,0.035,AAA,222,111,000,0,0
172.614864,48.713985,11302756+4842503,15.831,0.08,15.346,0.099,14.887,0.105,AAA,222,111,000,0,0
172.621772,48.728519,11302922+4843426,15.953,0.085,15.647,0.141,15.645,0.191,ABC,222,111,000,0,0
172.643017,48.735306,11303432+4844071,15.225,0.047,14.7,0.057,14.397,0.07,AAA,222,111,000,0,0
172.63726,48.716446,11303294+4842592,16.44,0.128,15.814,0.137,15.504,0.171,BBC,222,111,000,0,0
172.640903,48.729122,11303381+4843448,15.381,0.052,14.785,0.054,14.5,0.074,AAA,222,111,000,0,0
172.595994,48.740437,11302303+4844255,14.137,0.029,13.484,0.027,13.306,0.036,AAA,222,111,000,0,0
172.5978,48.721046,11302347+4843157,14.717,0.034,14.234,0.044,14.169,0.06,AAA,222,111,000,0,0
172.617319,48.744019,11302815+4844384,14.156,0.028,13.689,0.032,13.607,0.04,AAA,222,111,000,0,0
172.502078,48.734703,11300049+4844049,15.256,0.049,14.743,0.063,14.399,0.067,AAA,222,111,000,0,0
172.539164,48.749413,11300939+4844578,16.505,0.132,15.811,0.148,15.27,0.149,BBB,222,111,000,0,0
172.594173,48.767262,11302260+4846021,13.123,0.022,12.685,0.024,12.564,0.025,AAA,222,111,000,0,0
172.624358,48.758846,11302984+4845318,15.307,0.066,14.559,0.089,14.476,0.085,AAA,222,222,ccc,0,0
172.625605,48.759327,11303014+4845335,15.294,0.05,14.705,0.072,14.335,0.067,AAA,222,222,ccc,0,0
172.57534,48.766407,11301808+4845590,14.713,0.036,14.221,0.04,14.15,0.057,AAA,222,111,000,0,0
172.436804,48.726921,11294483+4843369,15.648,0.065,14.993,0.068,15.137,0.128,AAB,222,111,000,0,0
172.425226,48.730194,11294205+4843486,16.453,,15.669,,15.388,0.151,UUB,2,1,000,0,0
172.382761,48.727211,11293186+4843379,16.264,0.1,15.668,0.124,15.899,0.242,ABD,222,111,000,0,0
172.402796,48.733898,11293667+4844020,14.795,0.038,14.445,0.055,14.322,0.063,AAA,222,111,000,0,0
172.446982,48.75457,11294727+4845164,12.295,0.022,11.988,0.019,11.92,0.022,AAA,222,111,000,0,0
172.281453,48.73608,11290754+4844098,9.303,0.039,8.779,0.03,8.697,0.018,AAA,122,111,000,0,0
172.304966,48.735504,11291319+4844078,16.676,0.146,16.059,0.186,15.404,0.162,BCC,222,111,000,0,0
172.38128,48.760994,11293150+4845395,13.215,0.023,12.609,0.022,12.31,0.022,AAA,222,111,000,0,0
172.395177,48.770336,11293484+4846132,16.341,0.119,15.839,0.161,15.121,,BCU,220,110,000,0,0
172.360535,48.753292,11292652+4845118,15.763,0.059,15.181,0.076,14.997,0.102,AAA,222,111,000,0,0
172.375768,48.775612,11293018+4846322,16.258,0.112,15.831,0.142,15.645,0.197,BBC,222,111,000,0,0
172.381064,48.787136,11293145+4847136,16.327,0.114,15.277,0.096,14.95,0.109,BAA,222,111,000,0,0
172.411961,48.781754,11293887+4846543,15.535,0.061,15.031,0.073,14.906,0.102,AAA,222,111,000,0,0
172.536362,48.76564,11300872+4845563,10.644,0.021,9.996,0.017,9.785,0.019,AAA,222,111,000,0,0
172.546577,48.778316,11301117+4846419,16.539,0.142,15.99,0.167,15.942,0.247,BCD,222,111,000,0,0
172.530195,48.785797,11300724+4847088,16.206,0.107,15.242,0.098,14.949,0.107,AAA,222,111,cc0,0,0
172.463109,48.759609,11295114+4845345,15.798,0.074,15.198,0.081,15.004,0.117,AAB,222,111,000,0,0
172.549079,48.798195,11301177+4847535,14.944,0.038,14.461,0.054,14.515,0.075,AAA,222,111,000,0,0
172.526197,48.806503,11300628+4848234,12.085,0.021,11.49,0.019,11.146,0.02,AAA,222,111,000,0,0
172.54558,48.809586,11301093+4848345,14.825,0.038,14.461,0.046,14.553,0.08,AAA,222,111,000,0,0
172.529686,48.788986,11300712+4847203,11.781,0.021,11.408,0.019,11.331,0.02,AAA,222,111,000,0,0
172.542055,48.803455,11301009+4848124,16.52,0.13,15.693,0.131,15.905,0.27,BBD,222,111,000,0,0
172.607619,48.819073,11302582+4849086,16.991,0.213,16.245,0.217,15.495,0.171,CDC,222,111,000,0,0
172.632568,48.862385,11303181+4851445,16.051,0.092,15.596,0.122,15.225,0.138,ABB,222,111,000,0,0
172.494038,48.808887,11295856+4848319,15.964,0.082,15.238,0.092,15.14,0.127,AAB,222,111,000,0,0
172.548417,48.829659,11301162+4849467,15.646,0.065,15.041,0.079,14.963,0.108,AAA,222,111,000,0,0
172.459683,48.815166,11295032+4848545,17.098,,15.889,0.162,15.318,0.159,UCC,22,11,000,0,0
172.477237,48.838444,11295453+4850183,14.183,0.028,13.567,0.03,13.22,0.031,AAA,222,111,000,0,0
172.532796,48.847454,11300787+4850508,15.165,0.048,14.579,0.06,14.447,0.076,AAA,222,111,000,0,0
172.503913,48.839863,11300093+4850235,16.705,0.162,16.104,,15.986,0.267,CUD,202,201,c00,0,0
172.518113,48.856125,11300434+4851220,12.704,0.022,12.37,0.022,12.264,0.023,AAA,222,111,000,0,0
172.582322,48.847572,11301975+4850512,15.908,0.079,15.478,0.116,14.986,0.107,ABB,222,111,000,0,0
172.554164,48.862446,11301299+4851448,16.544,0.155,15.851,0.163,15.374,0.161,BCC,222,111,000,0,0
172.59904,48.878014,11302376+4852408,16.097,0.099,15.623,0.123,15.459,0.164,ABC,222,111,000,0,0
172.628194,48.907631,11303076+4854274,13.704,0.025,13.019,0.021,12.884,0.027,AAA,222,111,000,0,0
172.774013,48.647038,11310576+4838493,16.698,0.151,16.072,0.182,15.718,0.207,BCC,222,111,000,0,0
172.763005,48.644192,11310312+4838390,16.654,0.154,17.941,,16.34,,BUU,200,100,000,0,0
172.769835,48.655331,11310476+4839191,16.026,0.081,15.74,0.136,15.1,0.12,ABB,222,222,ccc,0,0
172.771993,48.654736,11310527+4839170,15.633,0.062,15.179,0.08,15.309,0.143,AAB,222,222,ccc,0,0
172.831569,48.667316,11311957+4840023,13.71,0.023,13.275,0.024,13.149,0.03,AAA,222,111,000,0,0
172.861699,48.697296,11312680+4841502,14.808,0.039,14.325,0.042,14.268,0.059,AAA,222,111,000,0,0
172.832892,48.70192,11311989+4842069,16.455,0.13,15.938,0.17,15.61,0.2,BCC,222,111,000,0,0
172.957128,48.726814,11314971+4843365,12.965,0.024,12.373,0.034,12.109,0.019,AAA,222,111,000,0,0
172.940118,48.71986,11314562+4843114,15.686,0.08,15.297,0.1,14.662,0.096,AAA,222,111,000,0,0
172.888064,48.735104,11313313+4844063,15.473,0.06,15.12,0.089,15.014,0.115,AAB,222,111,000,0,0
172.999201,48.761127,11315980+4845400,15.96,0.085,15.339,0.088,15.109,0.128,AAB,222,111,000,0,0
173.013014,48.792011,11320312+4847312,17.192,0.191,16.154,0.19,15.681,0.211,CCC,222,111,000,0,0
172.737199,48.673923,11305692+4840261,13.47,0.023,13.231,0.024,13.121,0.027,AAA,222,111,000,0,0
172.807591,48.706039,11311382+4842217,16.244,0.117,15.431,0.108,15.299,0.143,BAB,222,111,000,0,0
172.819433,48.724243,11311666+4843272,16.723,0.182,15.865,0.156,15.336,0.16,CCC,222,111,000,0,0
172.792314,48.717625,11311015+4843034,16.426,0.155,15.395,,15.604,,BUU,200,100,s00,0,0
172.775592,48.720604,11310614+4843141,15.774,0.077,15.127,0.089,14.892,0.109,AAA,222,111,000,0,0
172.791461,48.728664,11310995+4843431,14.76,0.035,14.208,0.041,14.068,0.054,AAA,222,111,000,0,0
172.834332,48.740631,11312023+4844262,14.843,0.038,14.199,0.043,14.111,0.054,AAA,222,111,000,0,0
172.710606,48.703663,11305054+4842131,14.159,0.029,13.586,0.028,13.339,0.031,AAA,222,111,000,0,0
172.690449,48.687531,11304570+4841151,16.67,0.154,16.028,0.184,15.947,0.267,BCD,222,112,00c,0,0
172.70066,48.726852,11304815+4843366,16.147,0.093,15.686,0.135,15.227,0.146,ABB,222,111,000,0,0
172.705479,48.737431,11304931+4844147,12.487,0.022,12.17,0.021,12.1,0.022,AAA,222,111,000,0,0
172.739696,48.745106,11305752+4844423,16.875,0.194,16.134,0.202,15.888,0.249,CCD,222,111,000,0,0
172.80889,48.765831,11311413+4845569,16.353,0.138,15.256,,15.245,0.166,BUC,202,101,c00,0,0
172.78101,48.767246,11310744+4846020,16.126,0.111,15.325,0.115,15.107,0.122,BBB,222,111,c0c,0,0
172.792788,48.789551,11311026+4847223,4.939,0.018,4.254,0.2,4.407,0.018,ECA,131,111,000,0,0
172.870042,48.747398,11312881+4844506,15.89,0.085,15.349,0.096,15.05,0.117,AAB,222,111,000,0,0
172.937432,48.777283,11314498+4846382,16.003,0.064,15.598,0.128,15.485,0.167,ABC,222,111,000,0,0
172.952819,48.786358,11314867+4847108,11.447,0.024,11.126,0.03,11.081,0.018,AAA,222,111,000,0,0
172.955183,48.78754,11314924+4847151,16.208,0.108,15.654,0.218,15.549,0.191,ADC,222,111,ccc,0,0
172.899608,48.789089,11313590+4847207,15.824,0.114,15.459,,14.324,,BUU,200,200,c00,0,0
172.901595,48.78968,11313638+4847228,15.829,0.118,15.038,,14.508,,BUU,200,200,c00,0,0
172.878309,48.766251,11313079+4845585,13.276,0.023,12.888,0.024,12.853,0.025,AAA,222,111,000,0,0
172.913213,48.791508,11313917+4847294,16.657,0.113,16.108,0.182,16.253,,BCU,220,110,000,0,0
172.931444,48.799591,11314354+4847585,15.994,0.066,15.392,0.09,15.044,0.122,AAB,222,111,000,0,0
172.931618,48.805214,11314358+4848187,15.535,0.049,14.976,0.068,14.933,0.103,AAA,222,111,000,0,0
172.936919,48.790848,11314486+4847270,16.568,0.123,15.935,0.155,15.586,0.166,BBC,222,111,000,0,0
172.939813,48.805382,11314555+4848193,16.312,0.094,15.646,0.137,15.232,0.141,ABB,222,111,000,0,0
172.964309,48.7985,11315143+4847546,16.739,0.129,15.969,0.152,15.947,,BCU,220,110,000,0,0
172.984911,48.790874,11315637+4847271,15.877,0.09,15.409,0.121,14.65,0.099,ABA,222,111,000,0,0
172.995836,48.796989,11315900+4847491,17.149,0.184,16.709,0.339,15.674,0.205,CDC,222,111,000,0,0
173.008568,48.813152,11320205+4848473,16.278,0.109,15.58,0.127,14.724,0.1,ABA,222,111,ccc,0,0
173.05642,48.839474,11321354+4850221,16.041,0.118,15.193,0.127,14.354,0.098,BBA,222,111,000,0,0
173.018851,48.821785,11320452+4849184,7.176,0.024,6.649,0.026,6.531,0.021,AAA,111,111,000,0,0
172.974844,48.80957,11315396+4848344,14.389,0.031,13.814,0.04,13.581,0.03,AAA,222,111,000,0,0
172.970664,48.828251,11315295+4849417,16.354,0.252,15.594,0.262,14.03,,DDU,220,110,000,2,0
172.966538,48.825771,11315196+4849327,13.372,,12.481,,13.669,0.084,UUA,2,1,00c,2,0
172.968538,48.826691,11315244+4849360,13.555,,12.679,,13.837,0.109,UUB,2,1,00c,2,0
172.967327,48.826244,11315215+4849344,13.588,0.081,12.976,0.104,12.443,0.068,EEE,222,111,000,1,0
173.009335,48.850998,11320224+4851035,15.284,0.044,14.558,0.059,14.382,0.059,AAA,222,111,000,0,0
173.022866,48.851913,11320548+4851068,15.83,0.092,15.061,0.119,14.572,0.1,ABA,222,111,000,0,0
172.898935,48.813179,11313574+4848474,16.346,0.127,15.859,0.158,15.443,0.17,BCC,222,111,000,0,0
172.911874,48.821526,11313884+4849174,16.96,0.22,15.611,,15.193,,DUU,200,100,s00,0,0
172.916037,48.816933,11313984+4849009,16.88,0.138,16.205,0.205,16.014,0.257,BCD,222,111,000,0,0
172.954379,48.829201,11314905+4849451,17.273,0.204,16.099,0.167,16.083,0.277,CCD,222,111,000,0,0
172.937387,48.862911,11314497+4851464,16.309,0.091,15.988,0.179,15.588,0.18,ACC,222,111,000,0,0
172.957853,48.84621,11314988+4850463,16.357,0.091,15.582,0.118,15.378,0.164,ABC,222,111,000,0,0
173.038533,48.880669,11320924+4852504,16.533,0.111,16.266,0.206,15.77,0.204,BCC,222,111,000,0,0
173.045586,48.875824,11321094+4852329,16.522,0.106,16.04,0.167,15.63,0.193,ACC,222,111,000,0,0
173.013882,48.881035,11320333+4852517,14.317,0.026,13.976,0.043,13.923,0.046,AAA,222,111,000,0,0
173.021126,48.889244,11320507+4853212,16.384,0.125,15.918,0.155,15.139,0.124,BBB,222,111,000,0,0
173.011024,48.885883,11320264+4853091,16.701,0.138,15.778,0.138,15.07,0.135,BBB,222,111,000,0,0
173.107396,48.846329,11322577+4850467,14.856,0.051,14.225,0.064,13.97,0.063,AAA,222,111,000,0,0
173.105009,48.829731,11322520+4849470,17.243,0.252,16.05,0.224,15.519,0.195,DDC,222,111,000,0,0
173.12812,48.847584,11323074+4850513,14.804,0.039,14.27,0.049,14.236,0.074,AAA,222,111,000,0,0
173.094851,48.859634,11322276+4851346,10.66,0.022,10.38,0.028,10.29,0.024,AAA,222,111,000,0,0
173.141678,48.899738,11323400+4853590,16.384,0.108,15.74,0.16,15.681,0.231,ACD,222,111,000,0,0
173.158843,48.920059,11323812+4855122,16.41,0.133,15.911,0.168,15.511,0.183,BCC,222,111,000,0,0
173.054611,48.877903,11321310+4852404,14.09,0.027,13.467,0.032,13.203,0.029,AAA,222,111,000,0,0
173.06679,48.885246,11321602+4853068,16.962,0.17,15.395,,15.51,,CUU,200,100,000,0,0
173.102588,48.901249,11322462+4854044,14.323,0.034,13.922,0.045,13.573,0.043,AAA,222,111,000,0,0
173.126987,48.937023,11323047+4856132,12.261,0.024,12.082,0.032,12.008,0.028,AAA,222,111,000,0,0
173.141816,48.928692,11323403+4855432,16.768,0.172,16.123,,15.589,0.202,CUC,202,101,000,0,0
173.126601,48.96244,11323038+4857447,13.676,0.028,13.33,0.037,13.197,0.036,AAA,222,111,000,0,0
173.137874,48.951389,11323308+4857050,16.908,0.205,15.977,0.202,15.677,0.228,CCD,222,111,000,0,0
173.158434,48.947701,11323802+4856517,14.764,0.038,14.26,0.055,14.0,0.055,AAA,222,111,000,0,0
172.678946,48.734852,11304294+4844054,16.339,0.114,15.863,0.161,15.59,0.189,BCC,222,111,000,0,0
172.708024,48.747692,11304992+4844516,14.868,0.038,14.25,0.046,14.106,0.056,AAA,222,111,000,0,0
172.714831,48.755322,11305155+4845191,16.091,0.093,15.47,0.113,15.189,0.12,ABB,222,111,000,0,0
172.703824,48.76033,11304891+4845371,13.422,0.023,12.984,0.024,12.893,0.027,AAA,222,111,000,0,0
172.732515,48.775703,11305580+4846325,12.98,0.022,12.6,0.022,12.509,0.024,AAA,222,111,000,0,0
172.761738,48.78194,11310281+4846549,11.524,0.018,11.074,0.017,10.992,0.017,AAA,222,111,000,0,0
172.708571,48.798012,11305005+4847528,16.294,0.117,15.744,0.137,15.358,0.156,BBC,222,111,000,0,0
172.853581,48.828079,11312485+4849410,16.159,0.107,15.192,0.093,15.305,0.162,AAC,222,111,000,0,0
172.830769,48.825546,11311938+4849319,16.12,0.116,15.943,0.177,14.991,0.129,BCB,222,111,000,0,0
172.810827,48.833691,11311459+4850012,14.978,0.044,14.323,0.042,14.378,0.07,AAA,222,111,000,0,0
172.826847,48.858093,11311844+4851291,11.774,0.018,11.472,0.019,11.419,0.019,AAA,222,111,000,0,0
172.845617,48.871098,11312294+4852159,16.026,0.096,15.535,0.122,15.247,0.142,ABB,222,111,000,0,0
172.742527,48.829964,11305820+4849478,15.351,0.057,14.838,0.071,14.677,0.087,AAA,222,111,000,0,0
172.678026,48.821041,11304272+4849157,16.324,0.114,15.419,0.106,15.179,0.135,BAB,222,111,000,0,0
172.70449,48.826607,11304907+4849357,16.554,0.138,16.219,0.221,15.541,0.182,BDC,222,111,000,0,0
172.712848,48.848747,11305108+4850554,16.658,0.147,15.726,0.141,17.415,,BBU,220,110,000,0,0
172.765199,48.830681,11310364+4849504,16.56,0.151,16.05,0.183,15.82,,BCU,220,110,000,0,0
172.832738,48.91814,11311985+4855053,12.855,0.021,12.565,0.022,12.523,0.022,AAA,222,111,000,0,0
172.87063,48.841965,11312895+4850310,14.372,0.03,13.795,0.04,13.685,0.039,AAA,222,111,000,0,0
172.898608,48.859207,11313566+4851331,14.744,0.042,14.449,0.051,14.312,0.071,AAA,222,111,sss,0,0
172.893437,48.862595,11313442+4851453,15.807,0.088,14.987,0.094,14.661,0.092,AAA,222,111,000,0,0
172.909789,48.868462,11313834+4852064,11.868,0.018,11.525,0.019,11.501,0.019,AAA,222,111,000,0,0
172.902204,48.863506,11313652+4851486,16.883,0.185,15.079,,15.373,0.161,CUC,202,101,000,0,0
172.852032,48.864197,11312448+4851511,16.741,0.168,15.943,0.175,15.758,0.208,CCC,222,111,000,0,0
172.898225,48.875706,11313557+4852325,16.166,0.102,15.707,0.133,15.058,0.116,ABB,222,111,000,0,0
172.928716,48.907185,11314289+4854258,17.282,0.211,16.065,0.181,15.542,0.191,CCC,222,111,000,0,0
172.902151,48.881687,11313651+4852540,13.24,0.022,12.941,0.025,12.859,0.026,AAA,222,111,000,0,0
172.988103,48.916534,11315714+4854595,16.137,0.081,15.368,0.104,15.204,0.123,AAB,222,111,000,0,0
172.971475,48.893944,11315315+4853381,16.035,0.077,15.363,0.086,14.833,0.091,AAA,222,111,000,0,0
173.025594,48.918415,11320614+4855062,16.248,0.081,15.722,0.126,15.735,0.215,ABC,222,111,c00,0,0
173.03045,48.916416,11320730+4854590,12.285,0.029,11.806,0.038,11.586,0.024,AAA,222,111,000,0,0
172.994013,48.923218,11315856+4855235,15.98,0.077,15.35,0.109,15.307,0.14,ABB,222,111,000,0,0
172.945492,48.923084,11314691+4855231,16.197,0.102,15.481,0.124,14.941,0.106,ABA,222,111,000,0,0
172.847412,48.891788,11312337+4853304,16.639,0.156,15.879,0.158,15.707,0.221,CCD,222,111,000,0,0
172.870741,48.890301,11312897+4853250,9.191,0.018,8.644,0.015,8.538,0.015,AAA,222,111,000,0,0
172.914646,48.921307,11313951+4855167,15.745,0.067,15.198,0.137,14.717,0.09,ABA,222,111,000,0,0
172.930451,48.929482,11314330+4855461,13.478,0.032,12.849,0.042,12.607,0.023,AAA,222,111,000,0,0
172.91637,48.938725,11313992+4856194,13.801,0.027,13.489,0.036,13.358,0.031,AAA,222,111,000,0,0
173.034003,48.991745,11320816+4859302,16.183,0.078,15.589,0.116,15.466,0.168,ABC,222,111,000,0,0
173.023265,48.988567,11320558+4859188,16.69,0.163,16.036,0.23,15.692,0.216,CDC,222,111,000,0,0
172.966325,48.980972,11315191+4858514,12.413,0.024,12.172,0.03,12.112,0.022,AAA,222,111,000,0,0
172.975822,48.980511,11315419+4858498,16.939,0.152,16.461,,15.812,0.207,BUD,202,101,000,0,0
172.965021,48.972992,11315160+4858227,16.539,0.135,15.806,0.149,15.305,0.133,BBB,222,111,000,0,0
172.717599,48.879486,11305222+4852461,15.255,0.051,14.77,0.062,14.467,0.076,AAA,222,111,000,0,0
172.705471,48.877827,11304931+4852401,14.275,0.03,13.836,0.038,13.696,0.039,AAA,222,111,000,0,0
172.728898,48.87952,11305493+4852462,13.067,0.023,12.646,0.022,12.557,0.027,AAA,222,111,000,0,0
172.650712,48.863297,11303617+4851478,13.783,0.026,13.366,0.03,13.3,0.03,AAA,222,111,000,0,0
172.686033,48.885826,11304464+4853089,14.876,0.039,14.372,0.044,14.077,0.06,AAA,222,111,000,0,0
172.804637,48.911812,11311311+4854425,15.215,0.048,14.556,0.052,14.29,0.062,AAA,222,111,000,0,0
172.828769,48.938496,11311890+4856185,9.554,,9.467,,13.374,0.246,UUD,2,1,00c,0,0
172.826849,48.938629,11311844+4856190,8.116,0.019,7.926,0.02,7.881,0.029,AAA,111,111,000,0,0
172.769373,48.930779,11310464+4855508,16.316,,15.666,,15.148,0.146,UUB,2,1,000,0,0
172.790146,48.939404,11310963+4856218,16.429,0.119,16.043,0.173,15.719,0.203,BCC,222,111,000,0,0
172.826424,48.949409,11311834+4856578,13.584,0.023,12.963,0.021,12.698,0.026,AAA,222,111,dd0,0,0
172.677751,48.903893,11304266+4854140,16.79,0.164,15.938,0.167,15.431,0.166,CCC,222,111,000,0,0
172.675721,48.913033,11304217+4854469,16.84,0.181,16.127,0.211,15.403,0.165,CCC,222,111,000,0,0
172.734083,48.928635,11305617+4855430,16.59,0.153,16.222,,16.082,0.321,BUD,202,101,000,0,0
172.733461,48.935326,11305603+4856071,16.56,0.149,16.264,,15.367,,BUU,200,100,000,0,0
172.647739,48.922367,11303545+4855205,15.882,0.083,15.51,0.129,15.261,0.134,ABB,222,111,000,0,0
172.639973,48.922089,11303359+4855195,15.507,0.061,15.05,0.07,14.795,0.097,AAA,222,111,000,0,0
172.68977,48.932697,11304554+4855577,14.811,0.037,14.207,0.046,13.899,0.047,AAA,222,111,000,0,0
172.723481,48.944958,11305363+4856418,16.63,0.15,15.84,0.149,15.741,0.229,BBD,222,111,000,0,0
172.801354,49.000732,11311232+4900026,15.226,0.047,14.813,0.061,14.674,0.087,AAA,222,111,000,0,0
172.821594,49.011429,11311718+4900411,14.716,0.035,13.981,0.037,13.885,0.051,AAA,222,111,000,0,0
172.877904,48.962299,11313069+4857442,14.235,0.028,13.601,0.033,13.405,0.036,AAA,222,111,000,0,0
172.897244,48.978039,11313533+4858409,16.517,0.129,16.15,0.203,15.43,,BCU,220,110,000,0,0
172.930517,48.991673,11314332+4859300,16.792,0.135,16.18,0.198,16.191,,BCU,220,110,000,0,0
172.920688,48.978779,11314096+4858436,16.731,0.166,16.28,0.215,15.468,0.169,CCC,222,111,000,0,0
172.918901,48.976768,11314053+4858363,16.655,0.153,15.847,0.166,15.461,0.186,BCC,222,111,000,0,0
172.894911,48.975094,11313477+4858303,14.748,0.034,14.461,0.05,14.417,0.066,AAA,222,111,000,0,0
172.849276,48.972885,11312382+4858223,15.522,0.062,14.904,0.073,14.777,0.093,AAA,222,111,000,0,0
172.896586,48.995804,11313518+4859448,10.985,0.018,10.391,0.019,10.23,0.019,AAA,222,111,000,0,0
172.886703,48.976765,11313280+4858363,16.482,0.123,16.119,0.193,15.796,0.221,BCD,222,111,ccc,0,0
172.885352,48.979179,11313248+4858450,13.366,0.022,12.76,0.023,12.609,0.023,AAA,222,111,000,0,0
172.902832,49.001343,11313667+4900048,16.62,0.149,16.152,0.205,15.393,,BCU,220,110,000,0,0
172.91084,49.004238,11313860+4900152,13.317,0.026,12.924,0.032,12.87,0.024,AAA,222,111,000,0,0
172.935274,49.018436,11314446+4901063,16.344,0.099,15.799,0.132,15.628,0.22,ABD,222,111,000,0,0
172.934203,49.007076,11314420+4900254,10.24,0.024,9.768,0.032,9.656,0.02,AAA,222,111,000,0,0
172.958195,49.015579,11314996+4900560,16.684,0.121,16.19,0.186,15.71,0.196,BCC,222,111,000,0,0
172.952589,49.029167,11314862+4901450,13.015,0.024,12.513,0.034,12.433,0.024,AAA,222,111,000,0,0
172.836866,48.97916,11312084+4858449,16.484,0.129,16.284,0.218,15.305,0.142,BDB,222,111,000,0,0
172.860246,49.004635,11312645+4900166,16.675,0.151,15.916,0.156,15.658,0.196,BCC,222,111,000,0,0
172.866298,49.013695,11312791+4900493,17.008,0.203,16.074,0.19,15.693,0.195,CCC,222,111,000,0,0
172.896533,49.018356,11313516+4901060,14.657,0.035,14.365,0.044,14.224,0.057,AAA,222,111,ppp,0,0
172.916152,49.049767,11313987+4902591,15.645,0.06,15.19,0.083,14.81,0.096,AAA,222,111,000,0,0
172.942987,49.047691,11314631+4902516,11.484,0.026,10.844,0.03,10.781,0.024,AAA,222,111,000,0,0
172.987813,49.065102,11315707+4903543,16.954,0.147,16.401,0.228,15.537,,BDU,220,110,000,0,0
173.076804,48.962196,11321843+4857439,15.703,0.061,15.038,0.07,14.825,0.087,AAA,222,111,000,0,0
173.105044,48.960037,11322521+4857361,16.651,0.149,16.242,0.243,15.008,0.119,BDB,222,111,000,0,0
173.055497,48.958233,11321331+4857296,15.632,0.05,14.934,0.082,14.755,0.091,AAA,222,111,000,0,0
173.161836,49.019718,11323884+4901109,16.779,0.176,15.635,,15.769,,CUU,200,100,000,0,0
173.043112,48.994686,11321034+4859408,13.785,0.07,13.161,0.085,12.845,0.063,AAA,222,111,000,0,0
173.122563,49.038551,11322941+4902187,13.539,0.027,13.053,0.037,12.878,0.032,AAA,222,111,000,0,0
173.082397,49.016041,11321977+4900577,16.311,0.083,15.783,0.133,15.488,,ABU,220,110,000,0,0
173.039016,49.01038,11320936+4900373,14.239,0.1,13.743,0.136,13.468,0.099,ABA,222,111,000,1,0
173.089666,49.040504,11322151+4902258,14.221,0.035,13.859,0.036,13.898,0.045,AAA,222,111,000,0,0
173.144363,49.045155,11323464+4902425,16.595,0.138,15.811,0.159,15.425,0.184,BCC,222,111,000,0,0
173.152243,49.042465,11323653+4902328,14.254,0.032,13.663,0.037,13.478,0.041,AAA,222,111,000,0,0
173.045536,49.045059,11321092+4902422,16.994,0.15,16.015,,16.336,,CUU,200,100,000,0,0
173.114268,49.074986,11322742+4904299,15.816,0.071,15.234,0.086,14.889,0.11,AAB,222,111,000,0,0
173.111305,49.06559,11322671+4903561,16.586,0.147,16.069,0.22,15.171,0.151,BDB,222,112,00c,0,0
173.102852,49.072605,11322468+4904213,14.695,0.04,14.431,0.053,14.426,0.073,AAA,222,111,000,0,0
173.118978,49.118832,11322855+4907077,16.449,0.126,15.695,0.149,16.114,0.336,BBD,222,111,000,0,0
173.043378,49.102322,11321041+4906083,16.962,0.173,16.032,0.194,14.737,,CCU,220,110,000,0,0
173.113171,49.125134,11322716+4907304,15.705,0.067,15.044,0.076,14.993,0.117,AAB,222,111,000,0,0
173.022687,49.119282,11320544+4907094,16.37,0.095,15.651,0.129,15.006,0.108,ABA,222,111,000,0,0
173.089109,49.144939,11322138+4908417,15.887,0.096,15.275,0.133,14.852,0.113,ABB,222,111,000,0,0
172.249278,48.765671,11285982+4845564,15.901,0.063,15.428,0.099,15.616,0.165,AAC,222,111,000,0,0
172.225555,48.773716,11285413+4846253,8.201,0.043,7.576,0.031,7.403,0.021,AAA,111,111,000,0,0
172.220016,48.830776,11285280+4849507,17.357,0.222,16.308,0.232,15.469,0.163,DDC,222,111,000,0,0
172.175824,48.839317,11284219+4850215,15.937,0.085,15.341,0.115,15.346,0.164,ABC,222,111,000,0,0
172.238436,48.857296,11285722+4851262,15.46,0.04,15.179,0.071,15.044,0.114,AAB,222,111,000,0,0
172.208916,48.860332,11285013+4851371,16.871,0.141,16.844,,17.287,,BUU,200,100,000,0,0
172.142554,48.862511,11283421+4851450,15.603,0.069,15.469,0.125,15.333,0.167,ABC,222,111,000,0,0
172.205294,48.908775,11284927+4854315,16.716,0.105,16.121,0.178,15.998,0.256,BCD,222,111,000,0,0
172.211364,48.904259,11285072+4854153,16.966,0.141,16.12,,16.338,,BUU,200,100,000,0,0
172.276642,48.73922,11290639+4844211,15.916,0.096,15.333,0.11,14.821,0.102,ABA,222,111,ccc,0,0
172.343988,48.791882,11292255+4847307,16.931,0.168,16.5,0.263,15.78,0.208,CDC,222,111,000,0,0
172.269346,48.758286,11290464+4845298,13.447,0.029,13.017,0.032,12.926,0.025,AAA,222,111,000,0,0
172.291959,48.770977,11291007+4846155,16.655,0.115,17.783,,15.804,0.214,BUC,202,101,000,0,0
172.270362,48.766472,11290488+4845592,17.066,0.163,15.974,0.168,15.725,0.191,CCC,222,111,000,0,0
172.306442,48.801933,11291354+4848069,16.156,0.097,15.306,0.107,15.071,0.112,AAB,222,111,000,0,0
172.339778,48.799885,11292154+4847595,16.7,0.148,15.663,,15.728,0.194,BUC,202,101,000,0,0
172.392898,48.7995,11293429+4847582,16.546,0.134,16.168,0.202,15.437,0.158,BCC,222,111,000,0,0
172.375915,48.793701,11293021+4847373,16.578,0.152,16.272,0.222,15.128,0.128,BDB,222,111,000,0,0
172.383586,48.80328,11293206+4848118,15.802,0.071,15.034,0.073,14.943,0.106,AAA,222,111,000,0,0
172.362163,48.822742,11292691+4849218,13.623,0.046,13.102,0.055,12.958,0.043,AEA,222,111,000,0,0
172.386456,48.832191,11293274+4849558,16.353,0.12,15.783,0.161,15.678,0.199,BCC,222,111,000,0,0
172.438575,48.847668,11294525+4850516,12.508,0.022,12.126,0.019,12.058,0.023,AAA,222,111,000,0,0
172.310987,48.820854,11291463+4849150,13.086,0.025,12.347,0.03,12.194,0.022,AAA,222,111,000,0,0
172.34373,48.837097,11292249+4850135,16.03,0.069,15.201,0.076,15.513,0.163,AAC,222,111,000,0,0
172.332466,48.837227,11291979+4850140,16.399,0.095,15.465,0.11,15.263,0.131,ABB,222,111,000,0,0
172.293842,48.839355,11291052+4850216,16.576,0.127,15.795,0.163,15.455,0.155,BCB,222,111,000,0,0
172.299956,48.850201,11291198+4851007,16.967,0.169,16.105,0.196,15.638,0.179,CCC,222,111,000,0,0
172.328267,48.859211,11291878+4851331,16.673,0.113,15.959,0.15,15.492,0.154,BCC,222,111,000,0,0
172.360104,48.846046,11292642+4850457,16.275,0.111,15.648,0.151,15.107,0.143,BBB,222,111,000,0,0
172.370198,48.863846,11292884+4851498,14.419,0.031,13.756,0.03,13.524,0.037,AAA,222,111,000,0,0
172.385532,48.856152,11293252+4851221,16.752,0.175,15.483,,15.315,0.15,CUB,202,101,000,0,0
172.398695,48.869026,11293568+4852084,8.503,0.019,7.818,0.023,7.666,0.016,AAA,111,111,000,0,0
172.400901,48.86908,11293621+4852086,14.383,0.039,9.909,,9.693,,AUU,200,200,c00,0,0
172.358422,48.880539,11292602+4852499,13.05,0.027,12.499,0.031,12.444,0.02,AAA,222,111,000,0,0
172.388685,48.881397,11293328+4852530,15.438,0.052,14.744,0.057,14.626,0.082,AAA,222,111,000,0,0
172.476092,48.864944,11295426+4851537,13.238,0.023,12.968,0.027,12.899,0.029,AAA,222,111,000,0,0
172.546142,48.887592,11301107+4853153,15.356,0.061,14.651,0.071,14.199,0.069,AAA,222,111,000,0,0
172.570631,48.913021,11301695+4854468,15.198,0.048,14.575,0.051,14.435,0.07,AAA,222,111,000,0,0
172.624342,48.935753,11302984+4856087,7.433,0.023,7.532,0.02,7.514,0.02,AAA,111,111,000,0,0
172.620491,48.952961,11302891+4857106,14.431,0.033,14.103,0.046,13.955,0.048,AAA,222,111,000,0,0
172.628558,48.95303,11303085+4857109,16.593,0.157,15.915,0.169,15.749,0.223,CCD,222,111,000,0,0
172.569349,48.941635,11301664+4856298,12.384,0.022,12.151,0.019,12.086,0.023,AAA,222,111,000,0,0
172.601783,48.968868,11302442+4858079,16.353,0.117,15.681,0.13,15.071,0.119,BBB,222,111,000,0,0
172.531642,48.955311,11300759+4857191,15.416,0.054,14.979,0.076,14.941,0.105,AAA,222,111,000,0,0
172.317451,48.86491,11291618+4851536,16.334,0.092,15.711,0.128,15.752,0.202,ABC,222,111,000,0,0
172.324408,48.890278,11291785+4853250,10.015,0.03,9.704,0.034,9.601,0.018,AAA,222,111,000,0,0
172.251322,48.856827,11290031+4851245,15.157,0.039,14.644,0.044,14.492,0.076,AAA,222,111,000,0,0
172.260316,48.874901,11290247+4852296,16.29,0.111,15.209,0.1,14.694,0.105,BAA,222,111,000,0,0
172.252287,48.875217,11290054+4852307,14.654,0.03,14.085,0.037,13.901,0.035,AAA,222,111,000,0,0
172.300421,48.886185,11291210+4853102,14.919,0.031,14.415,0.05,14.238,0.06,AAA,222,111,000,0,0
172.403254,48.920086,11293678+4855123,16.074,0.089,16.169,0.198,15.092,0.118,ACB,222,111,000,0,0
172.307541,48.916828,11291380+4855005,16.687,0.109,15.901,0.156,15.863,,BCU,220,110,000,0,0
172.302805,48.933315,11291267+4855599,14.802,0.033,14.218,0.052,14.082,0.047,AAA,222,111,000,0,0
172.289627,48.918316,11290951+4855059,16.274,0.087,15.913,0.169,15.935,0.234,ACD,222,111,0c0,0,0
172.323318,48.922318,11291759+4855203,16.614,0.098,16.346,0.228,15.626,,ADU,220,110,000,0,0
172.270314,48.936939,11290487+4856129,17.103,0.159,16.109,0.193,15.928,0.229,CCD,222,111,000,0,0
172.291953,48.947548,11291006+4856511,16.908,0.141,15.581,,15.647,0.181,BUC,202,101,000,0,0
172.301912,48.957783,11291245+4857280,15.439,0.059,14.859,0.065,14.621,0.086,AAA,222,111,000,0,0
172.356322,48.938698,11292551+4856193,17.069,0.145,16.358,0.209,15.561,,CDU,220,110,000,0,0
172.375632,48.971855,11293015+4858186,16.44,0.126,15.735,0.146,15.422,,BBU,220,110,000,0,0
172.335922,48.974064,11292062+4858266,14.263,0.031,13.817,0.034,13.76,0.038,AAA,222,111,000,0,0
172.335042,48.961891,11292041+4857428,16.064,0.063,15.501,0.103,15.346,0.139,AAB,222,111,000,0,0
172.376403,48.99514,11293033+4859425,15.365,0.054,14.826,0.066,14.693,0.086,AAA,222,111,000,0,0
172.485018,48.960869,11295640+4857391,15.643,0.07,14.975,0.07,14.916,0.112,AAB,222,111,000,0,0
172.428756,48.970406,11294290+4858134,15.308,,15.335,0.133,14.293,,UBU,20,10,000,2,0
172.424198,48.969898,11294180+4858116,15.963,0.094,15.188,0.11,14.83,0.133,ABB,222,122,0cc,2,0
172.42642,48.970161,11294234+4858125,15.392,0.076,14.601,0.092,14.335,0.083,AAA,222,122,0cc,1,0
172.517364,49.006638,11300416+4900238,15.123,0.047,14.652,0.057,14.66,0.082,AAA,222,111,000,0,0
172.547249,48.985996,11301133+4859095,16.692,0.166,15.522,,15.15,,CUU,200,100,000,0,0
172.589482,49.009659,11302147+4900347,16.192,0.101,15.597,0.139,15.229,0.136,ABB,222,111,000,0,0
172.582597,49.012562,11301982+4900452,16.297,0.109,15.625,0.126,15.535,0.19,ABC,222,111,000,0,0
172.581816,49.044472,11301963+4902400,14.729,0.034,14.179,0.044,13.963,0.049,AAA,222,111,000,0,0
172.424609,48.99699,11294190+4859491,15.615,0.067,15.082,0.08,14.826,0.098,AAA,222,111,000,0,0
172.440338,48.995636,11294568+4859442,15.755,0.074,15.109,0.098,14.848,0.104,AAA,222,111,000,0,0
172.455899,49.001858,11294941+4900066,16.77,0.18,15.971,0.186,15.768,0.237,CCD,222,111,000,0,0
172.506406,49.01561,11300153+4900561,16.042,0.094,14.944,,14.392,,AUU,266,200,c00,0,0
172.513982,49.034111,11300335+4902027,14.79,0.038,14.445,0.052,14.508,0.071,AAA,222,111,000,0,0
172.523102,49.037544,11300554+4902151,16.465,0.129,16.276,0.232,15.558,,BDU,220,110,000,0,0
172.568647,49.05809,11301647+4903291,16.5,0.136,16.128,,15.787,,BUU,200,100,000,0,0
172.594939,49.076069,11302278+4904338,16.829,0.185,16.031,0.178,16.064,0.278,CCD,222,111,000,0,0
172.547919,49.072487,11301150+4904209,17.309,0.289,16.183,0.2,15.593,0.2,DCC,222,111,000,0,0
172.580697,49.081745,11301936+4904542,16.185,0.1,15.379,0.106,15.415,0.155,AAC,222,111,000,0,0
172.172491,48.909714,11284139+4854349,16.899,0.156,16.637,,17.358,,CUU,200,100,000,0,0
172.186176,48.905174,11284468+4854186,15.709,0.061,15.109,0.07,14.946,0.114,AAB,222,111,000,0,0
172.187419,48.902168,11284498+4854078,16.536,0.122,16.076,0.178,15.749,0.193,BCC,222,111,000,0,0
172.199653,48.917465,11284791+4855028,14.847,0.036,14.28,0.053,14.049,0.047,AAA,222,111,000,0,0
172.213169,48.937878,11285116+4856163,15.579,0.07,14.917,0.056,14.686,0.083,AAA,222,111,000,0,0
172.146662,48.933453,11283519+4856004,16.322,0.137,15.602,0.151,15.305,0.163,BBC,222,111,000,0,0
172.111868,48.964436,11282684+4857519,13.853,0.031,13.258,0.022,13.095,0.035,AAA,222,111,000,0,0
172.139586,48.954304,11283350+4857154,8.031,0.02,7.869,0.02,7.85,0.021,AAA,111,111,000,0,0
172.141973,48.954121,11283407+4857148,10.178,,13.363,0.015,9.965,,UAU,20,10,0c0,0,0
172.123435,48.972164,11282962+4858197,17.092,0.261,15.996,0.205,15.496,0.195,DCC,222,111,000,0,0
172.189624,48.984669,11284550+4859048,12.713,0.028,12.425,0.036,12.377,0.02,AAA,222,111,000,0,0
172.211495,48.999207,11285075+4859571,14.415,0.036,13.725,0.038,13.566,0.034,AAA,222,111,000,0,0
172.117923,48.995731,11282830+4859446,15.427,0.064,14.675,0.066,14.552,0.088,AAA,222,111,000,0,0
172.122871,49.0149,11282948+4900536,16.467,0.149,15.843,,15.396,0.169,BUC,202,101,000,0,0
172.130006,49.02412,11283120+4901268,15.071,0.049,14.854,0.069,14.709,0.105,AAA,222,111,000,0,0
172.170343,49.043602,11284088+4902369,15.547,0.073,15.243,0.104,15.035,0.13,AAB,222,111,000,0,0
172.140244,49.056675,11283365+4903240,16.518,0.162,16.587,,15.908,,CUU,200,100,000,0,0
172.126659,49.038593,11283039+4902189,14.822,0.044,14.166,0.047,14.172,0.068,AAA,222,111,000,0,0
172.168125,49.083649,11284035+4905011,16.729,0.186,15.893,0.191,15.686,0.231,CCD,222,111,000,0,0
172.173473,49.105888,11284163+4906211,15.231,0.056,14.775,0.068,14.782,0.105,AAA,222,111,000,0,0
172.261284,48.942959,11290270+4856346,13.303,0.028,12.844,0.034,12.743,0.022,AAA,222,111,000,0,0
172.30371,48.989002,11291289+4859204,15.954,0.064,15.118,0.087,14.815,0.091,AAA,222,111,000,0,0
172.302258,48.963505,11291254+4857486,13.394,0.027,12.973,0.038,12.872,0.025,AAA,222,111,000,0,0
172.288999,48.965694,11290935+4857564,14.866,0.039,14.184,0.049,13.96,0.048,AAA,222,111,000,0,0
172.306223,48.975491,11291349+4858317,16.625,0.14,15.857,0.184,15.308,0.153,BCB,222,111,000,0,0
172.222732,48.954037,11285345+4857145,16.023,0.069,15.553,0.102,15.271,0.127,ABB,222,111,000,0,0
172.285193,48.997883,11290844+4859523,14.759,0.046,14.312,0.04,14.245,0.055,AAA,222,111,000,0,0
172.275606,48.991077,11290614+4859278,16.042,0.064,15.332,0.093,15.301,0.124,AAB,222,111,0c0,0,0
172.314351,49.021088,11291544+4901159,15.702,0.052,15.084,0.082,14.894,0.095,AAA,222,111,000,0,0
172.341271,49.009747,11292190+4900350,16.921,0.137,16.063,0.184,15.236,,BCU,220,110,cc0,0,0
172.339153,49.00938,11292139+4900337,14.494,0.039,13.923,0.056,13.84,0.05,AAA,222,111,000,0,0
172.340392,49.031963,11292169+4901550,16.441,0.096,16.266,0.21,15.847,0.221,ACD,222,111,c00,0,0
172.378151,49.044167,11293075+4902390,16.304,0.119,15.597,0.122,15.423,0.166,BBC,222,111,000,0,0
172.309464,49.02771,11291427+4901397,12.633,0.027,12.191,0.035,12.163,0.02,AAA,222,111,000,0,0
172.31743,49.03791,11291618+4902164,16.658,0.118,16.363,0.212,16.175,,BDU,220,110,000,0,0
172.336071,49.038635,11292065+4902190,12.676,0.028,12.368,0.034,12.299,0.022,AAA,222,111,000,0,0
172.336472,49.034298,11292075+4902034,12.836,0.028,12.46,0.034,12.415,0.025,AAA,222,111,000,0,0
172.391884,49.083786,11293405+4905016,16.864,0.194,16.025,0.195,15.795,0.245,CCD,222,111,000,0,0
172.380142,49.062988,11293123+4903467,13.17,0.022,12.793,0.025,12.734,0.027,AAA,222,111,000,0,0
172.320198,49.059776,11291684+4903351,16.582,0.107,16.573,0.249,15.808,0.221,ADD,222,111,000,0,0
172.365413,49.101257,11292769+4906045,13.958,0.036,13.367,0.035,13.088,0.025,AAA,222,111,000,0,0
172.380564,49.083454,11293133+4905004,12.669,0.021,12.322,0.022,12.237,0.023,AAA,222,111,000,0,0
172.418395,49.0228,11294041+4901220,16.332,0.116,15.606,0.128,15.325,0.144,BBB,222,111,000,0,0
172.433473,49.032703,11294403+4901577,16.647,0.164,15.608,0.159,15.042,0.13,CCB,222,111,000,0,0
172.420888,49.072281,11294101+4904202,15.982,0.094,15.356,0.111,14.773,0.099,ABA,222,111,000,0,0
172.417918,49.068161,11294030+4904053,17.099,0.242,15.811,0.16,15.206,,DCU,220,110,000,0,0
172.465104,49.075718,11295162+4904325,16.165,0.101,15.681,0.137,15.394,0.164,ABC,222,111,000,0,0
172.52176,49.092682,11300522+4905336,16.638,,15.838,,15.325,0.154,UUB,2,1,000,0,0
172.55596,49.107563,11301343+4906272,16.204,0.107,15.516,0.118,15.132,0.138,ABB,222,111,000,0,0
172.577561,49.125298,11301861+4907310,16.23,0.105,15.818,0.16,15.39,,ACU,220,110,000,0,0
172.557502,49.140491,11301380+4908257,15.302,0.051,14.919,0.068,14.759,0.09,AAA,222,111,000,0,0
172.567503,49.136456,11301620+4908112,13.479,0.025,12.899,0.023,12.745,0.027,AAA,222,111,000,0,0
172.412909,49.095268,11293909+4905429,16.636,0.154,15.779,0.15,15.635,0.199,BBC,222,111,000,0,0
172.439261,49.103889,11294542+4906140,16.289,0.113,15.492,0.123,15.666,0.205,BBC,222,111,000,0,0
172.469545,49.127586,11295269+4907393,13.803,0.025,13.399,0.027,13.295,0.032,AAA,222,111,000,0,0
172.418365,49.114998,11294040+4906539,14.278,0.031,13.93,0.036,13.834,0.046,AAA,222,111,000,0,0
172.427406,49.132133,11294257+4907556,13.749,0.025,13.171,0.024,13.095,0.03,AAA,222,111,000,0,0
172.45211,49.12241,11294850+4907206,16.059,0.092,15.486,0.116,15.334,0.148,ABB,222,111,000,0,0
172.448409,49.136562,11294761+4908116,13.198,0.022,12.861,0.022,12.812,0.027,AAA,222,111,000,0,0
172.500381,49.138561,11300009+4908188,15.167,0.047,14.781,0.067,14.66,0.085,AAA,222,111,000,0,0
172.525941,49.151356,11300622+4909048,15.231,0.048,14.597,0.059,14.424,0.069,AAA,222,111,000,0,0
172.543576,49.142941,11301045+4908345,16.59,0.15,15.793,0.168,15.258,0.136,BCB,222,111,000,0,0
172.527675,49.159767,11300664+4909351,14.281,0.03,13.856,0.036,13.868,0.049,AAA,222,111,000,0,0
172.555284,49.174721,11301326+4910289,16.728,0.166,15.831,0.152,15.303,0.149,CBB,222,111,000,0,0
172.557898,49.190136,11301389+4911244,13.891,0.026,13.261,0.026,13.042,0.029,AAA,222,111,000,0,0
172.576368,49.187874,11301832+4911163,16.005,,15.141,,14.906,0.116,UUB,662,2,00c,0,0
172.228541,49.055695,11285484+4903205,12.183,0.028,11.947,0.034,11.873,0.02,AAA,222,111,000,0,0
172.284858,49.110222,11290836+4906367,15.494,0.044,14.829,0.077,14.41,0.063,AAA,222,111,0c0,0,0
172.301511,49.092445,11291236+4905328,15.915,0.065,15.254,0.112,14.954,0.1,ABA,222,111,000,0,0
172.325561,49.094112,11291813+4905388,15.974,0.064,16.194,0.204,16.069,0.272,ACD,222,111,000,0,0
172.378083,49.110207,11293073+4906367,14.675,0.035,14.121,0.042,13.984,0.052,AAA,222,111,000,0,0
172.314275,49.12476,11291542+4907291,12.702,0.027,12.399,0.034,12.374,0.02,AAA,222,111,000,0,0
172.329354,49.122955,11291904+4907226,14.518,0.039,13.788,0.039,13.688,0.043,AAA,222,111,000,0,0
172.320248,49.125755,11291685+4907327,16.442,0.093,15.833,0.129,15.54,0.181,ABC,222,111,000,0,0
172.372752,49.147408,11292946+4908506,15.071,0.044,14.567,0.055,14.308,0.064,AAA,222,111,000,0,0
172.344284,49.132538,11292262+4907571,11.868,0.031,11.399,0.036,11.271,0.022,AAA,222,111,000,0,0
172.375304,49.144512,11293007+4908402,14.114,0.03,13.625,0.031,13.575,0.036,AAA,222,111,000,0,0
172.223507,49.090534,11285364+4905259,14.571,0.028,14.147,0.039,14.087,0.056,AAA,222,111,000,0,0
172.194644,49.105537,11284671+4906199,12.807,0.028,12.206,0.034,12.059,0.02,AAA,222,111,000,0,0
172.25137,49.141117,11290032+4908280,16.548,0.104,15.752,0.126,15.604,0.169,ABC,222,111,000,0,0
172.326915,49.160484,11291845+4909377,15.412,0.039,15.114,0.078,14.965,0.091,AAA,222,111,000,0,0
172.294816,49.147766,11291075+4908519,11.012,0.03,10.702,0.034,10.65,0.02,AAA,222,111,000,0,0
172.303769,49.174606,11291290+4910285,16.684,0.133,15.725,0.145,15.195,0.129,BBB,222,111,000,0,0
172.299432,49.154903,11291186+4909176,12.642,0.025,12.028,0.034,11.799,0.018,AAA,222,111,000,0,0
172.339004,49.169704,11292136+4910109,16.933,0.144,16.248,,17.36,,BUU,200,100,000,0,0
172.407352,49.145634,11293776+4908442,15.045,0.043,14.45,0.058,14.23,0.059,AAA,222,111,000,0,0
172.43654,49.162201,11294476+4909439,14.89,0.039,14.207,0.04,14.023,0.05,AAA,222,111,000,0,0
172.414377,49.132278,11293945+4907562,15.988,0.092,15.566,0.121,15.314,0.141,ABB,222,111,000,0,0
172.426769,49.182484,11294242+4910569,16.542,0.148,15.974,0.179,15.388,0.161,BCC,222,111,000,0,0
172.428582,49.166275,11294285+4909585,16.074,0.09,15.657,0.131,15.77,0.234,ABD,222,111,000,0,0
172.458915,49.182034,11295013+4910553,15.35,0.054,14.712,0.058,14.409,0.071,AAA,222,111,000,0,0
172.482062,49.191738,11295569+4911302,12.693,0.021,12.043,0.021,11.83,0.022,AAA,222,111,000,0,0
172.46746,49.189522,11295219+4911222,13.407,0.025,13.141,0.024,13.046,0.03,AAA,222,111,000,0,0
172.480414,49.194695,11295529+4911409,16.539,0.148,16.29,0.233,15.975,0.263,BDD,222,111,ccc,0,0
172.529411,49.198002,11300705+4911528,15.709,0.072,15.129,0.084,14.928,0.103,AAA,222,111,000,0,0
172.56881,49.240334,11301651+4914252,16.046,0.1,15.346,0.107,14.728,0.093,AAA,222,111,000,0,0
172.40285,49.187683,11293668+4911156,12.475,0.021,12.212,0.022,12.195,0.024,AAA,222,111,000,0,0
172.420796,49.217819,11294099+4913041,11.477,0.021,10.82,0.017,10.632,0.02,AAA,222,111,000,0,0
172.479433,49.235889,11295506+4914092,16.788,0.176,15.841,0.154,15.605,0.197,CBC,222,111,000,0,0
172.559045,49.268085,11301417+4916051,16.472,0.139,15.779,0.151,15.628,0.197,BBC,222,111,000,0,0
172.540974,49.258694,11300983+4915312,17.006,0.206,16.19,0.205,15.59,0.198,CCC,222,111,000,0,0
172.4789,49.254234,11295493+4915152,14.435,0.03,13.927,0.032,13.623,0.038,AAA,222,111,000,0,0
172.505364,49.26181,11300128+4915425,16.646,0.147,15.899,0.16,15.384,0.161,BCC,222,111,000,0,0
172.659164,48.967522,11303819+4858030,16.177,0.106,15.38,0.101,15.319,0.151,AAB,222,111,000,0,0
172.643128,48.97007,11303435+4858122,15.974,0.089,15.433,0.115,14.841,0.109,ABA,222,111,000,0,0
172.708178,49.006195,11304996+4900223,15.499,0.059,14.936,0.08,14.692,0.085,AAA,222,111,000,0,0
172.700426,49.000889,11304810+4900032,16.902,0.191,15.837,,15.131,0.132,CUB,202,101,000,0,0
172.699365,49.005466,11304784+4900196,16.851,,16.044,0.18,15.09,0.129,UCB,22,11,000,0,0
172.81563,49.034618,11311575+4902046,15.805,0.07,15.385,0.109,14.994,0.108,ABA,222,111,000,0,0
172.792415,49.042568,11311017+4902332,16.557,0.159,16.578,,16.598,,CUU,200,100,000,0,0
172.808241,49.054138,11311397+4903148,13.028,0.021,12.418,0.017,12.334,0.022,AAA,222,111,000,0,0
172.665035,49.041828,11303960+4902305,12.701,0.022,12.423,0.019,12.368,0.024,AAA,222,111,000,0,0
172.667741,49.024857,11304025+4901294,14.923,0.037,14.338,0.052,14.009,0.052,AAA,222,111,000,0,0
172.746652,49.04208,11305919+4902314,16.542,0.139,16.522,,15.695,0.21,BUC,202,101,000,0,0
172.768171,49.054771,11310436+4903171,16.65,0.15,16.131,0.204,15.614,0.185,BCC,222,111,000,0,0
172.770155,49.068348,11310483+4904060,14.804,0.036,14.104,0.042,13.854,0.044,AAA,222,111,000,0,0
172.811371,49.072498,11311472+4904209,15.759,0.07,15.229,0.097,15.27,0.138,AAB,222,111,000,0,0
172.794365,49.095413,11311064+4905434,16.593,0.143,16.726,,15.451,,BUU,200,100,000,0,0
172.783374,49.094238,11310800+4905392,14.497,0.032,13.82,0.027,13.688,0.039,AAA,222,111,000,0,0
172.859315,49.085598,11312623+4905081,14.561,0.031,14.264,0.045,14.224,0.059,AAA,222,111,000,0,0
172.882401,49.101933,11313177+4906069,15.982,0.08,15.272,0.088,15.17,0.131,AAB,222,111,000,0,0
172.898823,49.100719,11313571+4906025,11.434,0.018,11.202,0.019,11.154,0.018,AAA,222,111,000,0,0
172.934261,49.08662,11314422+4905118,14.458,0.07,13.875,0.092,13.573,0.073,AAA,222,111,000,0,0
172.953728,49.105034,11314889+4906181,16.455,0.111,15.756,0.155,15.052,0.108,BBB,222,111,000,0,0
172.973102,49.104031,11315354+4906145,14.749,0.032,14.145,0.048,13.889,0.036,AAA,222,111,000,0,0
172.918827,49.103371,11314051+4906121,11.179,0.024,11.021,0.033,10.973,0.02,AAA,222,111,000,0,0
172.92482,49.116756,11314195+4907003,15.25,0.05,14.582,0.051,14.459,0.065,AAA,222,111,000,0,0
172.954001,49.125061,11314896+4907302,16.763,0.137,16.258,0.217,15.944,,BCU,220,110,000,0,0
172.999326,49.154682,11315983+4909168,13.157,0.026,12.839,0.03,12.752,0.025,AAA,222,111,000,0,0
172.995844,49.160049,11315900+4909361,17.186,0.208,16.481,0.233,15.884,0.221,CDD,222,111,000,0,0
172.864085,49.106712,11312738+4906241,16.413,0.127,15.789,0.149,15.527,0.175,BBC,222,111,000,0,0
172.829358,49.10807,11311904+4906290,16.627,0.146,16.187,0.222,16.991,,BDU,220,110,000,0,0
172.832893,49.119991,11311989+4907119,16.05,0.087,15.775,0.132,15.545,0.185,ABC,222,111,000,0,0
172.888401,49.144077,11313321+4908386,16.518,0.134,16.352,0.242,15.559,0.185,BDC,222,111,000,0,0
172.957986,49.168301,11314991+4910058,16.616,0.149,15.525,0.139,14.821,0.103,BBA,222,111,000,0,0
172.972172,49.166733,11315332+4910002,16.164,0.11,15.479,0.159,14.49,0.093,BCA,222,111,000,0,0
172.975304,49.151325,11315407+4909047,16.535,0.12,15.877,0.153,15.108,0.113,BBB,222,111,000,0,0
172.970679,49.169952,11315296+4910118,17.328,0.221,16.213,0.21,15.472,0.168,DCC,222,111,000,0,0
172.675506,49.074959,11304212+4904298,13.947,0.026,13.615,0.03,13.448,0.037,AAA,222,111,000,0,0
172.669495,49.064877,11304067+4903535,16.41,0.135,15.684,0.15,15.053,0.123,BBB,222,111,000,0,0
172.623199,49.068195,11302956+4904055,16.546,0.145,16.263,0.223,15.816,0.246,BDD,222,121,0c0,0,0
172.659732,49.075302,11303833+4904310,15.141,0.045,14.579,0.052,14.322,0.066,AAA,222,111,000,0,0
172.741978,49.086746,11305807+4905122,14.613,0.032,14.009,0.037,13.817,0.04,AAA,222,111,000,0,0
172.754702,49.103935,11310112+4906141,14.732,0.034,14.323,0.045,14.213,0.06,AAA,222,111,000,0,0
172.79133,49.154301,11310991+4909154,12.656,0.019,12.287,0.021,12.236,0.021,AAA,222,111,000,0,0
172.660852,49.102879,11303860+4906103,16.725,0.166,16.176,0.212,15.617,0.196,CCC,222,111,000,0,0
172.702037,49.123322,11304848+4907239,15.884,0.087,15.225,0.096,14.717,0.095,AAA,222,111,000,0,0
172.702723,49.128281,11304865+4907418,17.045,0.212,16.109,0.187,15.598,0.203,CCC,222,111,000,0,0
172.686149,49.147785,11304467+4908520,16.254,0.102,15.721,0.137,15.515,0.177,ABC,222,111,000,0,0
172.693474,49.144135,11304643+4908388,15.736,0.071,15.335,0.101,15.448,0.176,AAC,222,111,000,0,0
172.706741,49.139454,11304961+4908220,11.062,0.021,10.752,0.017,10.69,0.019,AAA,222,111,000,0,0
172.77002,49.177402,11310480+4910386,15.106,0.042,14.557,0.05,14.186,0.054,AAA,222,111,000,0,0
172.708801,49.163544,11305011+4909487,13.604,0.025,13.257,0.029,13.178,0.031,AAA,222,111,000,0,0
172.730191,49.164158,11305524+4909509,13.44,0.025,13.159,0.024,13.034,0.032,AAA,222,111,000,0,0
172.705674,49.15387,11304936+4909139,14.599,0.03,14.196,0.045,14.055,0.052,AAA,222,111,000,0,0
172.762053,49.173717,11310289+4910253,16.354,0.111,15.695,0.125,15.674,0.203,BBC,222,111,000,0,0
172.834962,49.151058,11312039+4909038,16.486,,15.74,0.137,15.658,,UBU,620,20,0c0,0,0
172.832057,49.135925,11311969+4908093,16.683,0.164,15.918,0.163,15.622,,CCU,220,110,000,0,0
172.950898,49.209118,11314821+4912328,12.717,0.027,12.19,0.038,12.081,0.022,AAA,222,111,000,0,0
172.89825,49.210503,11313558+4912378,14.483,0.029,13.995,0.037,13.864,0.042,AAA,222,111,000,0,0
172.936631,49.22546,11314479+4913316,13.466,0.03,13.177,0.035,13.106,0.028,AAA,222,111,000,0,0
172.937848,49.217705,11314508+4913037,14.05,0.027,13.448,0.038,13.277,0.03,AAA,222,111,000,0,0
172.803839,49.185005,11311292+4911060,15.909,0.082,15.526,0.111,15.759,0.212,ABC,222,111,000,0,0
172.828399,49.184071,11311881+4911026,16.38,0.113,15.903,0.15,15.568,0.2,BCC,222,111,000,0,0
172.877444,49.220863,11313058+4913151,13.163,0.021,12.815,0.023,12.724,0.023,AAA,222,111,000,0,0
172.823053,49.224396,11311753+4913278,16.675,0.145,15.782,,16.382,,BUU,200,100,000,0,0
172.934752,49.239338,11314434+4914216,13.385,0.032,13.119,0.042,13.088,0.032,AAA,222,111,000,0,0
172.947115,49.244823,11314730+4914413,17.077,0.189,16.144,0.191,15.934,0.228,CCD,222,111,000,0,0
172.948041,49.259861,11314752+4915354,16.71,0.144,15.951,0.149,15.292,0.141,BCB,222,111,000,0,0
172.910116,49.275837,11313842+4916330,14.487,0.039,13.915,0.05,13.76,0.042,AAA,222,111,000,0,0
173.033699,49.143234,11320808+4908356,15.391,0.042,15.3,0.082,15.503,0.155,AAC,222,111,000,0,0
173.05105,49.153992,11321225+4909143,17.02,0.199,15.944,0.194,15.565,0.188,CCC,222,111,000,0,0
173.013775,49.173801,11320330+4910256,14.286,0.069,13.821,0.086,13.412,0.066,AAA,222,111,000,0,0
173.017129,49.220684,11320411+4913144,10.454,0.029,10.212,0.034,10.172,0.02,AAA,222,111,000,0,0
173.012554,49.22319,11320301+4913234,16.432,0.104,15.983,0.162,15.882,0.243,ACD,222,111,ccc,0,0
172.613631,49.13591,11302727+4908092,13.946,0.027,13.433,0.029,13.101,0.03,AAA,222,111,000,0,0
172.671416,49.158634,11304113+4909310,13.97,0.027,13.435,0.026,13.102,0.031,AAA,222,111,000,0,0
172.599044,49.168369,11302377+4910061,16.815,0.169,16.046,0.176,15.436,0.167,CCC,222,111,000,0,0
172.638409,49.165977,11303321+4909575,16.085,0.122,15.376,0.151,14.368,,BBU,220,110,000,2,0
172.636094,49.167812,11303266+4910041,14.007,0.044,13.253,0.052,12.989,0.047,AAA,222,111,000,1,0
172.654726,49.178894,11303713+4910440,15.427,0.055,14.888,0.075,14.615,0.082,AAA,222,111,000,0,0
172.673119,49.199883,11304154+4911595,15.868,0.08,15.515,0.119,15.309,0.155,ABB,222,111,000,0,0
172.697823,49.179501,11304747+4910462,15.967,0.094,15.379,0.108,14.806,0.098,AAA,222,111,000,0,0
172.722533,49.197025,11305340+4911492,15.236,0.049,14.67,0.061,14.456,0.07,AAA,222,111,000,0,0
172.757104,49.221455,11310170+4913172,15.736,0.066,15.388,0.1,15.625,0.186,AAC,222,111,000,0,0
172.769633,49.204418,11310471+4912159,16.843,0.18,15.965,0.172,15.618,0.198,CCC,222,111,000,0,0
172.767468,49.221573,11310419+4913176,13.88,0.026,13.49,0.024,13.5,0.034,AAA,222,111,000,0,0
172.726226,49.227146,11305429+4913377,15.415,0.054,14.813,0.066,14.518,0.078,AAA,222,111,000,0,0
172.618108,49.185772,11302834+4911087,12.826,0.022,12.577,0.023,12.518,0.025,AAA,222,111,000,0,0
172.64553,49.201355,11303492+4912048,14.09,0.027,13.648,0.033,13.508,0.038,AAA,222,111,000,0,0
172.606381,49.215176,11302553+4912546,15.973,0.083,15.773,0.135,15.438,0.17,ABC,222,111,000,0,0
172.61338,49.206696,11302721+4912241,16.733,0.172,16.533,,15.121,0.126,CUB,202,101,000,0,0
172.659865,49.247665,11303836+4914515,15.68,0.07,15.119,0.079,14.65,0.084,AAA,222,111,000,0,0
172.690997,49.229546,11304583+4913463,14.727,0.033,14.252,0.046,13.814,0.044,AAA,222,111,000,0,0
172.722093,49.255184,11305330+4915186,15.015,0.039,14.442,0.049,14.225,0.061,AAA,222,111,000,0,0
172.761257,49.27536,11310270+4916312,16.236,0.098,15.9,0.156,15.369,0.143,ACB,222,111,000,0,0
172.757276,49.254658,11310174+4915167,16.827,0.175,15.652,0.139,15.174,0.141,CBB,222,111,000,0,0
172.757531,49.268635,11310180+4916070,14.924,0.039,14.598,0.051,14.497,0.064,AAA,222,111,000,0,0
172.722464,49.265751,11305339+4915567,13.878,0.027,13.399,0.024,13.234,0.029,AAA,222,111,000,0,0
172.768405,49.293144,11310441+4917353,15.587,0.077,15.0,0.106,14.436,0.08,AAA,222,111,000,0,0
172.811417,49.244987,11311474+4914419,16.766,0.159,15.964,0.168,15.471,0.173,CCC,222,111,000,0,0
172.833775,49.262199,11312010+4915439,15.268,0.047,14.597,0.053,14.438,0.067,AAA,222,111,000,0,0
172.871533,49.26791,11312916+4916044,16.763,0.152,16.224,0.203,15.841,0.233,CCD,222,111,000,0,0
172.853505,49.262745,11312484+4915458,12.624,0.023,12.308,0.023,12.226,0.019,AAA,222,111,000,0,0
172.873797,49.271191,11312971+4916162,13.735,0.026,13.304,0.029,13.238,0.026,AAA,222,111,000,0,0
172.790588,49.253273,11310974+4915117,11.636,0.021,10.996,0.019,10.851,0.018,AAA,222,111,000,0,0
172.878143,49.291222,11313075+4917283,16.64,0.151,15.906,0.153,15.669,0.197,BCC,222,111,ccc,0,0
172.879581,49.293068,11313109+4917350,11.682,0.021,11.183,0.019,11.074,0.016,AAA,222,111,000,0,0
172.906392,49.275951,11313753+4916334,16.7,0.145,15.944,0.166,16.05,,BCU,220,110,000,0,0
172.610346,49.273872,11302648+4916259,13.402,0.025,13.039,0.023,12.979,0.028,AAA,222,111,000,0,0
172.729597,49.326492,11305510+4919353,11.255,0.021,10.926,0.017,10.872,0.019,AAA,222,111,000,0,0
172.585479,49.281326,11302051+4916527,14.633,0.033,14.109,0.037,13.89,0.044,AAA,222,111,000,0,0
172.610181,49.294937,11302644+4917417,15.724,0.069,15.035,0.088,14.831,0.093,AAA,222,111,000,0,0
172.638829,49.31144,11303331+4918411,14.565,0.044,13.818,0.05,13.307,0.041,AAA,222,111,000,0,0
172.658391,49.324875,11303801+4919295,16.005,0.088,15.198,0.081,14.883,0.102,AAA,222,111,000,0,0
172.653293,49.320656,11303679+4919143,14.371,0.029,13.951,0.035,13.856,0.046,AAA,222,111,000,0,0
172.636276,49.330692,11303270+4919504,13.518,0.031,13.127,0.065,13.087,0.032,AAA,222,111,ccc,0,0
172.638331,49.33202,11303319+4919552,10.123,0.021,9.491,0.017,9.326,0.019,AAA,222,111,000,0,0
172.1866,49.11982,11284478+4907113,16.73,0.139,15.779,0.142,15.196,0.125,BBB,222,111,000,0,0
172.259078,49.154236,11290217+4909152,14.698,0.03,14.23,0.044,13.845,0.045,AAA,222,111,000,0,0
172.258342,49.157501,11290200+4909270,16.88,0.149,16.318,0.222,15.616,0.18,BDC,222,111,000,0,0
172.212281,49.1688,11285094+4910076,16.547,0.111,16.09,0.185,16.301,,BCU,220,110,000,0,0
172.194846,49.16555,11284676+4909559,15.182,0.042,14.753,0.058,14.502,0.073,AAA,222,111,000,0,0
172.205318,49.172119,11284927+4910196,15.034,0.048,14.273,0.051,14.041,0.054,AAA,222,111,000,0,0
172.210419,49.15575,11285050+4909207,16.035,0.074,15.653,0.123,15.179,0.118,ABB,222,111,000,0,0
172.298812,49.183285,11291171+4910598,16.758,0.119,15.94,0.144,15.71,0.198,BCC,222,111,0c0,0,0
172.355494,49.206833,11292531+4912245,9.732,0.027,9.524,0.035,9.476,0.02,AAA,222,111,000,0,0
172.318607,49.22617,11291646+4913342,16.857,0.136,15.782,0.14,15.613,0.185,BBC,222,111,000,0,0
172.333,49.241428,11291992+4914291,8.333,0.021,8.171,0.026,8.104,0.026,AAA,111,111,000,0,0
172.364665,49.242271,11292751+4914321,16.381,0.107,16.004,0.146,15.642,0.188,ACC,222,111,000,0,0
172.340559,49.234653,11292173+4914047,16.852,0.128,16.188,0.196,16.02,0.263,BCD,222,111,ccc,0,0
172.220832,49.196068,11285299+4911458,16.904,0.165,16.479,0.25,16.009,0.268,CDD,222,111,000,0,0
172.245062,49.205036,11285881+4912181,14.612,0.042,14.258,0.05,14.085,0.048,AAA,222,111,000,0,0
172.412258,49.2328,11293894+4913580,16.343,0.117,15.488,0.117,15.399,0.162,BBC,222,111,000,0,0
172.383553,49.217796,11293205+4913040,15.424,0.056,14.944,0.068,14.603,0.088,AAA,222,111,000,0,0
172.432122,49.255787,11294370+4915208,16.143,0.106,15.454,0.109,14.736,0.098,ABA,222,111,000,0,0
172.452464,49.277016,11294859+4916372,13.744,0.027,13.356,0.028,13.195,0.032,AAA,222,111,000,0,0
172.38182,49.24482,11293163+4914413,16.034,0.091,15.267,0.087,14.842,0.102,AAA,222,111,000,0,0
172.563718,49.319916,11301529+4919116,15.76,,14.926,,14.606,0.086,UUA,662,2,00c,0,0
172.533167,49.322647,11300796+4919215,17.395,,16.328,0.241,15.338,0.15,UDB,22,11,000,0,0
172.392319,49.277222,11293415+4916379,15.321,0.051,14.897,0.066,14.848,0.102,AAA,222,111,000,0,0
